investor_name,fund_name,period,beginning_balance,additions,redemptions,ending_balance,net_income,fees,ib_commission,reconcile_check,ror_calculated,ror_stored
"Test Investor 1",BTC,2024-11,1.50000000,0.25000000,0.00000000,1.78500000,0.03500000,0.00000000,0.00000000,PASS ✓,2.3333%,2.3333%
"Test Investor 1",BTC,2024-12,1.78500000,0.00000000,0.10000000,1.72755000,0.04255000,0.00000000,0.00000000,PASS ✓,2.3838%,2.3838%
"Test Investor 1",ETH,2024-11,25.00000000,5.00000000,0.00000000,30.75000000,0.75000000,0.00000000,0.00000000,PASS ✓,3.0000%,3.0000%
"Test Investor 2",BTC,2024-11,0.50000000,0.00000000,0.00000000,0.51165000,0.01165000,0.00000000,0.00000000,PASS ✓,2.3300%,2.3300%
"Test Investor 2",SOL,2024-11,100.00000000,50.00000000,20.00000000,134.50000000,4.50000000,0.00000000,0.00000000,PASS ✓,4.5000%,4.5000%
