{
  "generated": "2026-01-27T12:55:32.243Z",
  "summary": {
    "total": 53,
    "exact": 10,
    "close": 21,
    "mismatches": 21,
    "noExcel": 1,
    "matchRate": "59.6%"
  },
  "fundTotals": {
    "IND-BTC": {
      "txSum": 34.3653406,
      "simBalance": 35.97652969516905,
      "excelSum": 35.885408988685,
      "simYield": 1.6111890951690488,
      "investors": 15,
      "exact": 8,
      "close": 1,
      "mismatch": 6
    },
    "IND-ETH": {
      "txSum": 596.4399600000002,
      "simBalance": 630.6163631025703,
      "excelSum": 617.48962997,
      "simYield": 34.1764031025703,
      "investors": 12,
      "exact": 1,
      "close": 4,
      "mismatch": 6
    },
    "IND-SOL": {
      "txSum": 13.370000000000445,
      "simBalance": 97.20964559129403,
      "excelSum": 89.23651496,
      "simYield": 83.8396455912937,
      "investors": 4,
      "exact": 0,
      "close": 1,
      "mismatch": 3
    },
    "IND-USDT": {
      "txSum": 7264098.92,
      "simBalance": 7367074.122024781,
      "excelSum": 7377648.418061299,
      "simYield": 102975.2020247818,
      "investors": 21,
      "exact": 1,
      "close": 15,
      "mismatch": 5
    },
    "IND-XRP": {
      "txSum": -1897.4199999999837,
      "simBalance": 1296.3998463510652,
      "excelSum": 0,
      "simYield": 3193.8198463510034,
      "investors": 1,
      "exact": 0,
      "close": 0,
      "mismatch": 1
    }
  },
  "comparisons": [
    {
      "name": "Blondish",
      "fund": "IND-BTC",
      "txSum": 4.121,
      "simBalance": 4.260428635773955,
      "simYield": 0.1394286357739543,
      "excelPos": 4.182429821,
      "variance": 0.07799881477395498,
      "variancePct": 1.8649162834083328,
      "status": "MISMATCH"
    },
    {
      "name": "Danielle Richetta",
      "fund": "IND-BTC",
      "txSum": 3.9029999999999996,
      "simBalance": 4.18238430930991,
      "simYield": 0.2793843093099114,
      "excelPos": 4.291298963,
      "variance": -0.10891465369009001,
      "variancePct": -2.538034628422835,
      "status": "MISMATCH"
    },
    {
      "name": "Jose Molla",
      "fund": "IND-BTC",
      "txSum": 4.5647,
      "simBalance": 4.82623935225415,
      "simYield": 0.2615393522541489,
      "excelPos": 4.834201273,
      "variance": -0.007961920745850115,
      "variancePct": -0.1646998189818671,
      "status": "EXACT"
    },
    {
      "name": "Kabbaj",
      "fund": "IND-BTC",
      "txSum": 6.6593,
      "simBalance": 6.7390183437064675,
      "simYield": 0.07971834370646755,
      "excelPos": 6.739706077,
      "variance": -0.0006877332935326663,
      "variancePct": -0.010204203056860787,
      "status": "EXACT"
    },
    {
      "name": "Kyle Gulamerian",
      "fund": "IND-BTC",
      "txSum": 3.8897,
      "simBalance": 3.974295783388348,
      "simYield": 0.08459578338834763,
      "excelPos": 3.9998,
      "variance": -0.02550421661165192,
      "variancePct": -0.6376372971561558,
      "status": "CLOSE (<1%)"
    },
    {
      "name": "Matthias Reiser",
      "fund": "IND-BTC",
      "txSum": -0.3694999999999995,
      "simBalance": -0.10399410307499135,
      "simYield": 0.2655058969250095,
      "excelPos": 0,
      "variance": -0.10399410307499135,
      "variancePct": null,
      "status": "MISMATCH"
    },
    {
      "name": "Nath & Thomas",
      "fund": "IND-BTC",
      "txSum": 1,
      "simBalance": 1.0047073437779366,
      "simYield": 0.004707343777936563,
      "excelPos": 1.005438734,
      "variance": -0.0007313902220633661,
      "variancePct": -0.07274339025647346,
      "status": "EXACT"
    },
    {
      "name": "Nathanaël Cohen",
      "fund": "IND-BTC",
      "txSum": 0.4483,
      "simBalance": 0.4634676431491053,
      "simYield": 0.015167643149105481,
      "excelPos": 0.4550111474,
      "variance": 0.008456495749105342,
      "variancePct": 1.8585249608557923,
      "status": "EXACT"
    },
    {
      "name": "NSVO Holdings",
      "fund": "IND-BTC",
      "txSum": 0.622,
      "simBalance": 0.622,
      "simYield": 0,
      "excelPos": 0.6222218876,
      "variance": -0.00022188759999997032,
      "variancePct": -0.035660526320573996,
      "status": "EXACT"
    },
    {
      "name": "Oliver Loisel",
      "fund": "IND-BTC",
      "txSum": 2.115364,
      "simBalance": 2.1515742394247472,
      "simYield": 0.03621023942474706,
      "excelPos": 2.153270293,
      "variance": -0.0016960535752525985,
      "variancePct": -0.07876640386328863,
      "status": "EXACT"
    },
    {
      "name": "Paul Johnson",
      "fund": "IND-BTC",
      "txSum": -0.0013000000000000234,
      "simBalance": -0.00010660075320401141,
      "simYield": 0.001193399246796,
      "excelPos": 0,
      "variance": -0.00010660075320401141,
      "variancePct": null,
      "status": "EXACT"
    },
    {
      "name": "Sam Johnson",
      "fund": "IND-BTC",
      "txSum": -0.015200000000000102,
      "simBalance": 0.015795455454552076,
      "simYield": 0.030995455454551103,
      "excelPos": 0,
      "variance": 0.015795455454552076,
      "variancePct": null,
      "status": "MISMATCH"
    },
    {
      "name": "Thomas Puech",
      "fund": "IND-BTC",
      "txSum": 7.2898766,
      "simBalance": 7.681514556609456,
      "simYield": 0.3916379566094561,
      "excelPos": 7.597853117,
      "variance": 0.0836614396094566,
      "variancePct": 1.1011194652113805,
      "status": "MISMATCH"
    },
    {
      "name": "Victoria",
      "fund": "IND-BTC",
      "txSum": 0.1492,
      "simBalance": 0.15424798652207572,
      "simYield": 0.005047986522075705,
      "excelPos": 0.004177675685,
      "variance": 0.15007031083707573,
      "variancePct": 3592.196286942645,
      "status": "MISMATCH"
    },
    {
      "name": "Vivie & Liana",
      "fund": "IND-BTC",
      "txSum": -0.011099999999999888,
      "simBalance": 0.00495674962654169,
      "simYield": 0.01605674962654162,
      "excelPos": 0,
      "variance": 0.00495674962654169,
      "variancePct": null,
      "status": "EXACT"
    },
    {
      "name": "Advantage Blockchain",
      "fund": "IND-ETH",
      "txSum": 50,
      "simBalance": 51.17894206701039,
      "simYield": 1.1789420670103898,
      "excelPos": 50.98265585,
      "variance": 0.19628621701038895,
      "variancePct": 0.3850058686387342,
      "status": "CLOSE (<1%)"
    },
    {
      "name": "Babak Eftekhari",
      "fund": "IND-ETH",
      "txSum": 66.11,
      "simBalance": 68.62896201192068,
      "simYield": 2.518962011920681,
      "excelPos": 68.89412097,
      "variance": -0.26515895807932566,
      "variancePct": -0.384878933566464,
      "status": "CLOSE (<1%)"
    },
    {
      "name": "Blondish",
      "fund": "IND-ETH",
      "txSum": 124.7939593520424,
      "simBalance": 138.20708069016436,
      "simYield": 13.41312133812192,
      "excelPos": 129.7211329,
      "variance": 8.485947790164374,
      "variancePct": 6.54168492091883,
      "status": "MISMATCH"
    },
    {
      "name": "Brandon Hood",
      "fund": "IND-ETH",
      "txSum": 31.37,
      "simBalance": 31.52862562349926,
      "simYield": 0.15862562349926,
      "excelPos": 31.54763953,
      "variance": -0.019013906500742195,
      "variancePct": -0.060270456947059556,
      "status": "CLOSE (<1%)"
    },
    {
      "name": "INDIGO DIGITAL ASSET FUND LP",
      "fund": "IND-ETH",
      "txSum": -3.3700000000000045,
      "simBalance": -2.7206097732850765,
      "simYield": 0.649390226714949,
      "excelPos": 0,
      "variance": -2.7206097732850765,
      "variancePct": null,
      "status": "MISMATCH"
    },
    {
      "name": "Indigo Fees",
      "fund": "IND-ETH",
      "txSum": 0.03593745021234585,
      "simBalance": 0.03628474577314279,
      "simYield": 0.00034729556079694476,
      "excelPos": null,
      "variance": null,
      "variancePct": null,
      "status": "NO EXCEL"
    },
    {
      "name": "Jose Molla",
      "fund": "IND-ETH",
      "txSum": 65.20635773860653,
      "simBalance": 73.72388040328319,