{
  "generated": "2026-01-27T12:53:36.578Z",
  "summary": {
    "total": 53,
    "matches": 4,
    "mismatches": 48,
    "noExcel": 1
  },
  "fundTotals": {
    "IND-USDT": {
      "txSum": 7264098.92,
      "simBalance": 7367074.122024782,
      "excelSum": 287094.40198179235,
      "simYield": 102975.2020247818,
      "investors": 21,
      "matched": 0,
      "mismatched": 21
    },
    "IND-XRP": {
      "txSum": -1897.4199999999837,
      "simBalance": 1296.3998463510652,
      "excelSum": 0,
      "simYield": 3193.8198463510034,
      "investors": 1,
      "matched": 0,
      "mismatched": 1
    },
    "IND-ETH": {
      "txSum": 596.4399599999999,
      "simBalance": 630.6163631025703,
      "excelSum": 0.9942511672500001,
      "simYield": 34.1764031025703,
      "investors": 12,
      "matched": 0,
      "mismatched": 11
    },
    "IND-SOL": {
      "txSum": 13.370000000000445,
      "simBalance": 97.20964559129403,
      "excelSum": 0.8848439758,
      "simYield": 83.83964559129369,
      "investors": 4,
      "matched": 0,
      "mismatched": 4
    },
    "IND-BTC": {
      "txSum": 34.3653406,
      "simBalance": 35.97652969516905,
      "excelSum": 16.138249530375,
      "simYield": 1.611189095169049,
      "investors": 15,
      "matched": 4,
      "mismatched": 11
    }
  },
  "comparisons": [
    {
      "name": "Sam Johnson",
      "fund": "IND-USDT",
      "txSum": 4200000,
      "simBalance": 4200000,
      "simYield": 0,
      "excelPos": 0.5679814263,
      "variance": 4199999.432018573,
      "variancePct": 739460700.2166636,
      "status": "MISMATCH"
    },
    {
      "name": "Monica Levy Chicheportiche",
      "fund": "IND-USDT",
      "txSum": 840168.03,
      "simBalance": 850929.541778301,
      "simYield": 10761.511778300966,
      "excelPos": 0.1152478754,
      "variance": 850929.4265304256,
      "variancePct": 738347170.0255097,
      "status": "MISMATCH"
    },
    {
      "name": "Matthew Beatty",
      "fund": "IND-USDT",
      "txSum": 334704,
      "simBalance": 346831.70402937196,
      "simYield": 12127.704029371906,
      "excelPos": 0.04719093671,
      "variance": 346831.6568384353,
      "variancePct": 734953957.3028647,
      "status": "MISMATCH"
    },
    {
      "name": "Babak Eftekhari",
      "fund": "IND-USDT",
      "txSum": 233132.03,
      "simBalance": 243333.75367591897,
      "simYield": 10201.723675919011,
      "excelPos": 0.03283814684,
      "variance": 243333.72083777213,
      "variancePct": 741009296.3631201,
      "status": "MISMATCH"
    },
    {
      "name": "Anne Cecile Noique",
      "fund": "IND-USDT",
      "txSum": 222687,
      "simBalance": 231855.7287220109,
      "simYield": 9168.728722010903,
      "excelPos": 0.03149798241,
      "variance": 231855.6972240285,
      "variancePct": 736096979.8193132,
      "status": "MISMATCH"
    },
    {
      "name": "Terance Chen",
      "fund": "IND-USDT",
      "txSum": 219747,
      "simBalance": 228794.67961522553,
      "simYield": 9047.67961522554,
      "excelPos": 0.03108213385,
      "variance": 228794.64853309168,
      "variancePct": 736096979.8188154,
      "status": "MISMATCH"
    },
    {
      "name": "Dario Deiana",
      "fund": "IND-USDT",
      "txSum": 199659.72,
      "simBalance": 207880.34270986926,
      "simYield": 8220.622709869254,
      "excelPos": 0.02812889287,
      "variance": 207880.31458097638,
      "variancePct": 739027716.2407792,
      "status": "MISMATCH"
    },
    {
      "name": "Alain Bensimon",
      "fund": "IND-USDT",
      "txSum": 136737,
      "simBalance": 142366.89514098986,
      "simYield": 5629.895140989842,
      "excelPos": 0.01934077706,
      "variance": 142366.8758002128,
      "variancePct": 736096979.7570934,
      "status": "MISMATCH"
    },
    {
      "name": "Julien Grunebaum",
      "fund": "IND-USDT",
      "txSum": 109392,
      "simBalance": 113896.01492838927,
      "simYield": 4504.014928389249,
      "excelPos": 0.01551133342,
      "variance": 113895.99941705585,
      "variancePct": 734276005.3768212,
      "status": "MISMATCH"
    },
    {
      "name": "Pierre Bezencon",
      "fund": "IND-USDT",
      "txSum": 109333,
      "simBalance": 113834.58571162043,
      "simYield": 4501.585711620427,
      "excelPos": 0.01550296746,
      "variance": 113834.57020865296,
      "variancePct": 734276005.5606346,
      "status": "MISMATCH"
    },
    {
      "name": "Sacha Oshry",
      "fund": "IND-USDT",
      "txSum": 100000,
      "simBalance": 102037.5004255871,
      "simYield": 2037.5004255871067,
      "excelPos": 0.01384964152,
      "variance": 102037.48657594559,
      "variancePct": 736751824.4323885,
      "status": "MISMATCH"
    },
    {
      "name": "HALLEY86",
      "fund": "IND-USDT",
      "txSum": 99990,
      "simBalance": 102027.29667554455,
      "simYield": 2037.296675544548,
      "excelPos": 0.01378301172,
      "variance": 102027.28289253284,
      "variancePct": 740239397.3480046,
      "status": "MISMATCH"
    },
    {
      "name": "Ventures Life Style",
      "fund": "IND-USDT",
      "txSum": 100000,
      "simBalance": 101280.87613358734,
      "simYield": 1280.876133587345,
      "excelPos": 0.01366616356,
      "variance": 101280.86246742378,
      "variancePct": 741106763.5972577,
      "status": "MISMATCH"
    },
    {
      "name": "Valeria Cruz",
      "fund": "IND-USDT",
      "txSum": 50000,
      "simBalance": 50640.43806679367,
      "simYield": 640.4380667936725,
      "excelPos": 0.006834253021,
      "variance": 50640.43123254065,
      "variancePct": 740979754.1433556,
      "status": "MISMATCH"
    },
    {
      "name": "Thomas Puech",
      "fund": "IND-USDT",
      "txSum": 46750.8,
      "simBalance": 47029.224350129334,
      "simYield": 278.424350129328,
      "excelPos": 0.006386087099,
      "variance": 47029.21796404223,
      "variancePct": 736432454.411819,
      "status": "MISMATCH"
    },
    {
      "name": "Bo De Kriek",
      "fund": "IND-USDT",
      "txSum": 273807,
      "simBalance": 285080.5009461155,
      "simYield": 11273.500946115577,
      "excelPos": 287093.4431,
      "variance": -2012.9421538844472,
      "variancePct": -0.7011452898920099,
      "status": "MISMATCH"
    },
    {
      "name": "Sam Johnson",
      "fund": "IND-XRP",
      "txSum": -1897.4199999999837,
      "simBalance": 1296.3998463510652,
      "simYield": 3193.8198463510034,
      "excelPos": 0,
      "variance": 1296.3998463510652,
      "variancePct": null,
      "status": "MISMATCH"
    },
    {
      "name": "INDIGO Ventures",
      "fund": "IND-USDT",
      "txSum": -2709.5899999999992,
      "simBalance": -666.0278791834116,
      "simYield": 2043.5621208165983,
      "excelPos": 0,
      "variance": -666.0278791834116,
      "variancePct": null,
      "status": "MISMATCH"
    },
    {
      "name": "Daniele Francilia",
      "fund": "IND-USDT",
      "txSum": -5091.5899999999965,
      "simBalance": -571.7645760306041,
      "simYield": 4519.825423969379,
      "excelPos": 0,
      "variance": -571.7645760306041,
      "variancePct": null,
      "status": "MISMATCH"
    },
    {
      "name": "Jose Molla",
      "fund": "IND-USDT",
      "txSum": -213,
      "simBalance": 523.455835904626,
      "simYield": 736.4558359046259,
      "excelPos": 0.0000401631055,
      "variance": 523.4557957415205,
      "variancePct": 1303325002.4491272,
      "status": "MISMATCH"
    },
    {
      "name": "Tomer Zur",
      "fund": "IND-ETH",
      "txSum": 190.53709999999998,
      "simBalance": 193.6179091387602,
      "simYield": 3.0808091387601952,
      "excelPos": 0.311272294,
      "variance": 193.30663684476022,
      "variancePct": 62102.101783835664,
      "status": "MISMATCH"
    },
    {
      "name": "Blondish",
      "fund": "IND-ETH",
      "txSum": 124.7939593520424,
      "simBalance": 138.20708069016436,
      "simYield": 13.41312133812192,
      "excelPos": 0.2088705324,
      "variance": 137.99821015776436,